Source,Type,Target
Nipsey Hussle,Undirected,Rick Ross
Nipsey Hussle,Undirected,Buddy
Nipsey Hussle,Undirected,G.I.-JOE
Nipsey Hussle,Undirected,Conrad
Nipsey Hussle,Undirected,Pac-Man
Nipsey Hussle,Undirected,K CAMP
Nipsey Hussle,Undirected,Dom Kennedy
Nipsey Hussle,Undirected,J-Stone
Nipsey Hussle,Undirected,Trae Tha Truth
Nipsey Hussle,Undirected,Vernardo
Nipsey Hussle,Undirected,Cobby Supreme
Nipsey Hussle,Undirected,Dom Kennedy
Nipsey Hussle,Undirected,Rick Ross
Nipsey Hussle,Undirected,Cuzzy Capone
Nipsey Hussle,Undirected,J-Stone
Nipsey Hussle,Undirected,Dubb
Nipsey Hussle,Undirected,Cobby Supreme
Nipsey Hussle,Undirected,Dom Kennedy
Nipsey Hussle,Undirected,Tee Flii
Nipsey Hussle,Undirected,Skeme
Nipsey Hussle,Undirected,James Fauntleroy
Nipsey Hussle,Undirected,James Fauntleroy
Nipsey Hussle,Undirected,Tee Flii
Nipsey Hussle,Undirected,BH
Nipsey Hussle,Undirected,Z:RO
Nipsey Hussle,Undirected,Slim Thug
Nipsey Hussle,Undirected,Zeke
Nipsey Hussle,Undirected,The Game
Nipsey Hussle,Undirected,Cobby Supreme
Nipsey Hussle,Undirected,Yung Brodee
Nipsey Hussle,Undirected,Kid Cali
Nipsey Hussle,Undirected,Drake
Nipsey Hussle,Undirected,Question?
Nipsey Hussle,Undirected,Yung Brodee
Nipsey Hussle,Undirected,Rimpau
Nipsey Hussle,Undirected,June Summers
Nipsey Hussle,Undirected,Goldie
Nipsey Hussle,Undirected,MGMT
Nipsey Hussle,Undirected,Dom Kennedy
Nipsey Hussle,Undirected,Cobby Supreme
Nipsey Hussle,Undirected,Steve Jobs
Nipsey Hussle,Undirected,Cuzzy Capone
Nipsey Hussle,Undirected,Question?
Nipsey Hussle,Undirected,Sean Kingston
Nipsey Hussle,Undirected,Bun B
Nipsey Hussle,Undirected,Smoke
Nipsey Hussle,Undirected,Numbers
Nipsey Hussle,Undirected,Kokane
Nipsey Hussle,Undirected,Ty Nati
Nipsey Hussle,Undirected,Numbers
Nipsey Hussle,Undirected,Eddie B
Nipsey Hussle,Undirected,Hoodsta Rob
Nipsey Hussle,Undirected,Cuzzy Capone
Nipsey Hussle,Undirected,Cuzzy Capone (Slausonboyz)
Nipsey Hussle,Undirected,Sean Kingston
Nipsey Hussle,Undirected,The Question
Nipsey Hussle,Undirected,Bun B
Nipsey Hussle,Undirected,Kokane
Nipsey Hussle,Undirected,Numbers
Nipsey Hussle,Undirected,Tay Nati
Nipsey Hussle,Undirected,Hoodsta Rob (Slausonboyz)
Nipsey Hussle,Undirected,Cuzzy Capone (Slausonboyz)
Nipsey Hussle,Undirected,Slauson Boyz And Killa Twan
Nipsey Hussle,Undirected,Boosie Badazz
Nipsey Hussle,Undirected,Lil Cali
Nipsey Hussle,Undirected,The Game
Nipsey Hussle,Undirected,June Summers
Nipsey Hussle,Undirected,June Summers
Nipsey Hussle,Undirected,Question?
Nipsey Hussle,Undirected,Sean Kingston
Nipsey Hussle,Undirected,We-Dogg
Nipsey Hussle,Undirected,Hoodsta Rob
Nipsey Hussle,Undirected,K Young(Slausonboyz)
Nipsey Hussle,Undirected,Coby Supreme
Nipsey Hussle,Undirected,Cuzzy Capone (Slausonboyz
Nipsey Hussle,Undirected,Lil Cali
Nipsey Hussle,Undirected,Boosie Badazz
Nipsey Hussle,Undirected,The Game
Nipsey Hussle,Undirected,Hoodsta Rob (Slausonboyz)
Nipsey Hussle,Undirected,J.Stone
Nipsey Hussle,Undirected,Chin Wha
Nipsey Hussle,Undirected,The Slausonboyz
Nipsey Hussle,Undirected,June Summers
Nipsey Hussle,Undirected,38 Special
Nipsey Hussle,Undirected,Smoke Dza
Nipsey Hussle,Undirected,Eddie B
Nipsey Hussle,Undirected,June Summers
Nipsey Hussle,Undirected,Coby Supreme
Nipsey Hussle,Undirected,Hoodsta Rob
Nipsey Hussle,Undirected,Baby We-Dogg
Nipsey Hussle,Undirected,The Question
Nipsey Hussle,Undirected,The Game
Nipsey Hussle,Undirected,Jay Rock
Nipsey Hussle,Undirected,Glasses Malone
Nipsey Hussle,Undirected,Lloyd
Nipsey Hussle,Undirected,Taslema
Nipsey Hussle,Undirected,Rimpau
Nipsey Hussle,Undirected,Lloyd Banks
Nipsey Hussle,Undirected,Cory Gunz
Nipsey Hussle,Undirected,June Summers
Nipsey Hussle,Undirected,Drake
Nipsey Hussle,Undirected,Yung Brodee
Nipsey Hussle,Undirected,Kid Cali
Nipsey Hussle,Undirected,Rimpau
Nipsey Hussle,Undirected,Taslema
Nipsey Hussle,Undirected,Yung Brodee
Nipsey Hussle,Undirected,Rimpau
Nipsey Hussle,Undirected,June Summers
Nipsey Hussle,Undirected,Cobby Supreme
Nipsey Hussle,Undirected,Cobby Supreme
Nipsey Hussle,Undirected,Baby We Dog
Nipsey Hussle,Undirected,Cobby Supreme
Nipsey Hussle,Undirected,Hoodsta Rob
Nipsey Hussle,Undirected,Snoop Dogg
Nipsey Hussle,Undirected,Steve Jobs
Nipsey Hussle,Undirected,YG
Nipsey Hussle,Undirected,Rimpau
Nipsey Hussle,Undirected,Dom Kennedy
Nipsey Hussle,Undirected,Yung Brodee
Nipsey Hussle,Undirected,Goldie
Nipsey Hussle,Undirected,Steve Job
Nipsey Hussle,Undirected,RiM
Nipsey Hussle,Undirected,YG
Nipsey Hussle,Undirected,Cobby
Nipsey Hussle,Undirected,Dom Kennedy
Nipsey Hussle,Undirected,Yung Brodee
Nipsey Hussle,Undirected,Steve Jobs
Nipsey Hussle,Undirected,YG
Nipsey Hussle,Undirected,Rimpau
Nipsey Hussle,Undirected,Cobby Supreme
Nipsey Hussle,Undirected,Dom Kennedy
Nipsey Hussle,Undirected,Yung Brodee
Nipsey Hussle,Undirected,Kokane
Nipsey Hussle,Undirected,Goldie
Nipsey Hussle,Undirected,MGMT
Nipsey Hussle,Undirected,Coby Supreme of Slausonboyz
Nipsey Hussle,Undirected,Jay Rock
Nipsey Hussle,Undirected,Glasses Malone
Nipsey Hussle,Undirected,Lloyd
Nipsey Hussle,Undirected,Tasleema
Nipsey Hussle,Undirected,Lloyd Banks
Nipsey Hussle,Undirected,Cory Gunz
Nipsey Hussle,Undirected,June Summers
Nipsey Hussle,Undirected,Yung Brodee
Nipsey Hussle,Undirected,Kid Cali
Nipsey Hussle,Undirected,Rimpau
Nipsey Hussle,Undirected,Taslema
Nipsey Hussle,Undirected,Yung Brodee
Nipsey Hussle,Undirected,Rimpau
Nipsey Hussle,Undirected,June Summers
Nipsey Hussle,Undirected,Coby Supreme
Nipsey Hussle,Undirected,Hoodsta Rob Of The Slausonboyz
Nipsey Hussle,Undirected,Baby We Dogg Of the Slausonboyz
Nipsey Hussle,Undirected,Coby Supreme
Nipsey Hussle,Undirected,Hoodsta Rob
Nipsey Hussle,Undirected,Coby Supreme
Nipsey Hussle,Undirected,Hoodsta Rob Of The Slausonboyz
Nipsey Hussle,Undirected,Jadakiss
Nipsey Hussle,Undirected,Neyo
Nipsey Hussle,Undirected,Tee Flii
Boosie Badazz,Undirected,Webbie
Boosie Badazz,Undirected,Pimp C
Boosie Badazz,Undirected,Z-Ro
Boosie Badazz,Undirected,B-Will
Boosie Badazz,Undirected,Og Dre
Boosie Badazz,Undirected,Lee Banks
Boosie Badazz,Undirected,Webbie
Boosie Badazz,Undirected,Rich Homie Quan
Boosie Badazz,Undirected,B-Will
Boosie Badazz,Undirected,Shu
Boosie Badazz,Undirected,J Day
Boosie Badazz,Undirected,Og Dre
Boosie Badazz,Undirected,Snootie Wild
Boosie Badazz,Undirected,Hurricane Chris
Boosie Badazz,Undirected,Akelee
Boosie Badazz,Undirected,Jeezy
Boosie Badazz,Undirected,Rich Homie Quan
Boosie Badazz,Undirected,Young Thug
Boosie Badazz,Undirected,Webbie
Boosie Badazz,Undirected,Webbie
Boosie Badazz,Undirected,Keyshia Cole
Boosie Badazz,Undirected,J. Cole
Boosie Badazz,Undirected,Chris Brown
Boosie Badazz,Undirected,PJ
Boosie Badazz,Undirected,Rick Ross
Boosie Badazz,Undirected,T.I.
Boosie Badazz,Undirected,Yo Gotti
Boosie Badazz,Undirected,Liv
Boosie Badazz,Undirected,Trey Songz
Boosie Badazz,Undirected,Shy Glizzy
Boosie Badazz,Undirected,Ray Vicks
Boosie Badazz,Undirected,Ray Vicks
Boosie Badazz,Undirected,Ray Vicks
Boosie Badazz,Undirected,Ray Vicks
Boosie Badazz,Undirected,Ray Vicks
Boosie Badazz,Undirected,C-Loc
Boosie Badazz,Undirected,Quick Money Bagz
Boosie Badazz,Undirected,Big Head Savage
Boosie Badazz,Undirected,"Lil Boosie, Hatch Boy, Heavy D"
Boosie Badazz,Undirected,"Lil Boosie, Hatch Boy"
Boosie Badazz,Undirected,"Lil Boosie, Hatch Boy"
Boosie Badazz,Undirected,"Lil Boosie, Hatch Boy"
Boosie Badazz,Undirected,"Lil Boosie, Quick, Loco"
Boosie Badazz,Undirected,"Lil Boosie, Hatch Boy, Loco"
Boosie Badazz,Undirected,Webbie
Boosie Badazz,Undirected,Webbie
Boosie Badazz,Undirected,3 Deep
Boosie Badazz,Undirected,Webbie
Boosie Badazz,Undirected,Webbie
Boosie Badazz,Undirected,Foxx
Boosie Badazz,Undirected,Big Head
Boosie Badazz,Undirected,Webbie
Boosie Badazz,Undirected,Webbie
Boosie Badazz,Undirected,Webbie
Boosie Badazz,Undirected,Webbie
Boosie Badazz,Undirected,Webbie
Boosie Badazz,Undirected,Webbie
Boosie Badazz,Undirected,Webbie
Boosie Badazz,Undirected,Foxx
Boosie Badazz,Undirected,Webbie
Boosie Badazz,Undirected,Webbie
Boosie Badazz,Undirected,Webbie
Boosie Badazz,Undirected,Foxx
Boosie Badazz,Undirected,Webbie
Rihanna,Undirected,SZA
Rihanna,Undirected,Drake
Rihanna,Undirected,Eminem
Rihanna,Undirected,Future
Rihanna,Undirected,David Guetta
Rihanna,Undirected,Mikky Ekko
Rihanna,Undirected,Chris Brown
Rick Ross,Undirected,John Legend
Rick Ross,Undirected,CeeLo Green
Rick Ross,Undirected,Nas
Rick Ross,Undirected,DJ Premier
Rick Ross,Undirected,Mariah Carey
Rick Ross,Undirected,Mary J. Blige
Rick Ross,Undirected,Chris Brown
Rick Ross,Undirected,Future
Rick Ross,Undirected,French Montana
Rick Ross,Undirected,JAY Z
Rick Ross,Undirected,Sizzla
Rick Ross,Undirected,Mavado
Rick Ross,Undirected,Jeezy
Rick Ross,Undirected,French Montana
Rick Ross,Undirected,The Weeknd
Rick Ross,Undirected,Kanye West
Rick Ross,Undirected,Big Sean
Rick Ross,Undirected,Meek Mill
Rick Ross,Undirected,Lil Wayne
Rick Ross,Undirected,French Montana
Rick Ross,Undirected,JAY Z
Rick Ross,Undirected,Sizzla
Rick Ross,Undirected,Mavado
Rick Ross,Undirected,Jeezy
Rick Ross,Undirected,French Montana
Rick Ross,Undirected,The Weeknd
Rick Ross,Undirected,Kanye West
Rick Ross,Undirected,Big Sean
Rick Ross,Undirected,Meek Mill
Rick Ross,Undirected,Lil Wayne
The Weeknd,Undirected,Labrinth
The Weeknd,Undirected,Ed Sheeran
The Weeknd,Undirected,Lana Del Rey
The Weeknd,Undirected,Drake
The Weeknd,Undirected,Drake
ScHoolboy Q,Undirected,Schoolboy Q
ScHoolboy Q,Undirected,2 Chainz
ScHoolboy Q,Undirected,Schoolboy Q
ScHoolboy Q,Undirected,Schoolboy Q
ScHoolboy Q,Undirected,Schoolboy Q
ScHoolboy Q,Undirected,Rick Ross
ScHoolboy Q,Undirected,The Weeknd
ScHoolboy Q,Undirected,Schoolboy Q
ScHoolboy Q,Undirected,Mac Miller
ScHoolboy Q,Undirected,Schoolboy Q
ScHoolboy Q,Undirected,Schoolboy Q
ScHoolboy Q,Undirected,Game
ScHoolboy Q,Undirected,Too $hort
ScHoolboy Q,Undirected,Schoolboy Q
ScHoolboy Q,Undirected,Drake
ScHoolboy Q,Undirected,Tinashe
ScHoolboy Q,Undirected,Schoolboy Q
ScHoolboy Q,Undirected,Schoolboy Q
ScHoolboy Q,Undirected,Rick Ross
ScHoolboy Q,Undirected,Wiz Khalifa
ScHoolboy Q,Undirected,Nas
ScHoolboy Q,Undirected,Schoolboy Q
ScHoolboy Q,Undirected,Kendrick Lamar
ScHoolboy Q,Undirected,Ab-Soul
ScHoolboy Q,Undirected,Schoolboy Q
ScHoolboy Q,Undirected,Schoolboy Q
ScHoolboy Q,Undirected,French Montana
ScHoolboy Q,Undirected,Trinidad James
ScHoolboy Q,Undirected,A$AP Ferg
ScHoolboy Q,Undirected,A$AP Rocky
ScHoolboy Q,Undirected,Schoolboy Q
ScHoolboy Q,Undirected,Curren$y
ScHoolboy Q,Undirected,Dom Kennedy
ScHoolboy Q,Undirected,Schoolboy Q
ScHoolboy Q,Undirected,A$AP Rocky
ScHoolboy Q,Undirected,Schoolboy Q
ScHoolboy Q,Undirected,A$AP Rocky
ScHoolboy Q,Undirected,Schoolboy Q
ScHoolboy Q,Undirected,Kendrick Lamar
ScHoolboy Q,Undirected,Ab-Soul
ScHoolboy Q,Undirected,Jay Rock
ScHoolboy Q,Undirected,Schoolboy Q
ScHoolboy Q,Undirected,Schoolboy Q
ScHoolboy Q,Undirected,Jay Rock
ScHoolboy Q,Undirected,Schoolboy Q
ScHoolboy Q,Undirected,Kendrick Lamar
ScHoolboy Q,Undirected,Schoolboy Q
ScHoolboy Q,Undirected,2 Chainz
ScHoolboy Q,Undirected,Schoolboy Q
ScHoolboy Q,Undirected,Schoolboy Q
ScHoolboy Q,Undirected,BJ The Chicago Kid
ScHoolboy Q,Undirected,Schoolboy Q
ScHoolboy Q,Undirected,Schoolboy Q
ScHoolboy Q,Undirected,"Tyler, The Creator"
ScHoolboy Q,Undirected,Kurupt
ScHoolboy Q,Undirected,Schoolboy Q
ScHoolboy Q,Undirected,Raekwon
ScHoolboy Q,Undirected,Schoolboy Q
ScHoolboy Q,Undirected,Schoolboy Q
ScHoolboy Q,Undirected,Schoolboy Q
ScHoolboy Q,Undirected,Schoolboy Q
ScHoolboy Q,Undirected,Schoolboy Q
ScHoolboy Q,Undirected,Schoolboy Q
ScHoolboy Q,Undirected,A$AP Rocky
ScHoolboy Q,Undirected,Schoolboy Q
ScHoolboy Q,Undirected,J Hene Aiko
ScHoolboy Q,Undirected,Schoolboy Q
ScHoolboy Q,Undirected,Schoolboy Q
ScHoolboy Q,Undirected,Schoolboy Q
ScHoolboy Q,Undirected,Schoolboy Q
ScHoolboy Q,Undirected,Schoolboy Q
ScHoolboy Q,Undirected,Dom Kennedy
ScHoolboy Q,Undirected,The Currency
ScHoolboy Q,Undirected,Schoolboy Q
ScHoolboy Q,Undirected,Schoolboy Q
ScHoolboy Q,Undirected,Ab-Soul
ScHoolboy Q,Undirected,Schoolboy Q
ScHoolboy Q,Undirected,Schoolboy Q
ScHoolboy Q,Undirected,Schoolboy Q
ScHoolboy Q,Undirected,Schoolboy Q
ScHoolboy Q,Undirected,Jay Rock
ScHoolboy Q,Undirected,Schoolboy Q
ScHoolboy Q,Undirected,Schoolboy Q
ScHoolboy Q,Undirected,Schoolboy Q
ScHoolboy Q,Undirected,Kendrick Lamar
ScHoolboy Q,Undirected,Schoolboy Q
ScHoolboy Q,Undirected,Jay Rock
ScHoolboy Q,Undirected,Schoolboy Q
ScHoolboy Q,Undirected,Schoolboy Q
ScHoolboy Q,Undirected,Ab-Soul
ScHoolboy Q,Undirected,Schoolboy Q
ScHoolboy Q,Undirected,Schoolboy Q
ScHoolboy Q,Undirected,Schoolboy Q
ScHoolboy Q,Undirected,Schoolboy Q
ScHoolboy Q,Undirected,Alori Joh
ScHoolboy Q,Undirected,Schoolboy Q
ScHoolboy Q,Undirected,Schoolboy Q
ScHoolboy Q,Undirected,Jhene Aiko
ScHoolboy Q,Undirected,Schoolboy Q
ScHoolboy Q,Undirected,BJ The Chicago Kid
ScHoolboy Q,Undirected,Punch
ScHoolboy Q,Undirected,Schoolboy Q
ScHoolboy Q,Undirected,Kendrick Lamar
ScHoolboy Q,Undirected,Black Hippy
ScHoolboy Q,Undirected,Schoolboy Q
ScHoolboy Q,Undirected,Schoolboy Q
ScHoolboy Q,Undirected,Schoolboy Q
Action Bronson,Undirected,Big Body Bess
Action Bronson,Undirected,Meyhem
Action Bronson,Undirected,Big Body Bes
Action Bronson,Undirected,Black Atlass
Action Bronson,Undirected,Party Supplies
Action Bronson,Undirected,Chance The Rapper
Action Bronson,Undirected,Party Supplies
Action Bronson,Undirected,Big Body Bes
Action Bronson,Undirected,Wiz Khalifa
Action Bronson,Undirected,Prodigy
Action Bronson,Undirected,Raekwon
Action Bronson,Undirected,Statik Selektah
Action Bronson,Undirected,Statik Selektah
Action Bronson,Undirected,LIL Fame!!!
Action Bronson,Undirected,Statik Selektah
Action Bronson,Undirected,Nina Sky
Action Bronson,Undirected,Statik Selektah
Action Bronson,Undirected,Statik Selektah
Action Bronson,Undirected,Statik Selektah
Action Bronson,Undirected,Statik Selektah
Action Bronson,Undirected,Meyhem Lauren
Action Bronson,Undirected,Statik Selektah
Action Bronson,Undirected,Statik Selektah
Action Bronson,Undirected,Statik Selektah
Action Bronson,Undirected,Statik Selektah
Action Bronson,Undirected,Statik Selektah
Action Bronson,Undirected,Meyhem Lauren
Action Bronson,Undirected,Maffew Ragazino
Action Bronson,Undirected,AG Da Coroner
Action Bronson,Undirected,Statik Selektah
Action Bronson,Undirected,Statik Selektah
Action Bronson,Undirected,Statik Selektah
Action Bronson,Undirected,Chance The Rapper
Action Bronson,Undirected,Jody HiGHROLLER
Action Bronson,Undirected,Statik Selektah
Action Bronson,Undirected,Concise Kilgore feat. Action Bronson
Action Bronson,Undirected,Concise Kilgore
Action Bronson,Undirected,Concise Kilgore feat. Action Bronson
Action Bronson,Undirected,Concise Kilgore
Action Bronson,Undirected,Concise Kilgore feat. Action Bronson
Action Bronson,Undirected,Concise Kilgore
Action Bronson,Undirected,Prodigy
Action Bronson,Undirected,Roc Marciano
Action Bronson,Undirected,Evidence
Action Bronson,Undirected,Prodigy
Action Bronson,Undirected,Childish Gambino
Action Bronson,Undirected,Prodigy
Action Bronson,Undirected,Your Old Droog
Action Bronson,Undirected,Prodigy
Action Bronson,Undirected,Curren$y
Action Bronson,Undirected,Prodigy
Action Bronson,Undirected,Vado
Action Bronson,Undirected,Chinx
Action Bronson,Undirected,Prodigy
Action Bronson,Undirected,Tristate
Action Bronson,Undirected,Planet Asia
Action Bronson,Undirected,Prodigy
Action Bronson,Undirected,Raekwon
Action Bronson,Undirected,Prodigy
Action Bronson,Undirected,Roc Marciano
Action Bronson,Undirected,Prodigy
Action Bronson,Undirected,Roc Marciano
Action Bronson,Undirected,Prodigy
Action Bronson,Undirected,Rick Gonzalez
Action Bronson,Undirected,Prodigy
Action Bronson,Undirected,Cam'Ron
Action Bronson,Undirected,Prodigy
Action Bronson,Undirected,Boldy James
Action Bronson,Undirected,Prodigy
Action Bronson,Undirected,Mac Miller
Action Bronson,Undirected,Prodigy
Action Bronson,Undirected,Chinx
Action Bronson,Undirected,Boogz Boogetz
Action Bronson,Undirected,Prodigy
Action Bronson,Undirected,Papoose
The Underachievers,Undirected,Portugal. The Man
The Underachievers,Undirected,Freeway
The Underachievers,Undirected,Freeway
The Underachievers,Undirected,Wax Tailor
The Underachievers,Undirected,Ali Harter
The Underachievers,Undirected,Voice
The Underachievers,Undirected,Hindi Zahra
The Underachievers,Undirected,Alborosie
The Underachievers,Undirected,Mayer Hawthorne
The Underachievers,Undirected,Speech Debelle
The Underachievers,Undirected,Julien Dyne
The Underachievers,Undirected,Mara TK
The Underachievers,Undirected,Alice Russell
The Underachievers,Undirected,Dafuniks
The Underachievers,Undirected,Barbara Aersoe
The Underachievers,Undirected,Joseph Agami
The Underachievers,Undirected,Beat Assailant
The Underachievers,Undirected,Ben L'Oncle Soul
The Underachievers,Undirected,The Heavy
The Underachievers,Undirected,Oslo Swan
